"","ExactMatch","Accuracy","AUC","AveragePrecision","Coverage","FMeasure","HammingLoss","MacroAUC","MacroFMeasure","MacroPrecision","MacroRecall","MicroAUC","MicroFMeasure","MicroPrecision","MicroRecall","OneError","Precision","RankingLoss","Recall","SubsetAccuracy"
"SVM",0,0.990663101604278,0.511268541238947,0.119231762102612,172.696,0.455263157894737,0.00933689839572193,0.501809363639841,0.223549564941755,0.872666666666667,0.0053734274328294,0.511563125102713,0.0448577680525164,0.630769230769231,0.0232558139534884,0.918,0.612903225806452,0.00641018916490615,0.0226666666666667,0
"NB",0,0.0961818181818182,0.527141908496362,0.105115518394445,175.562,0.0191144230572187,0.903818181818182,0.502126187566677,0.0273529091038934,0.0114001149391744,0.971240023515313,0.509519042017307,0.0190486140130937,0.00962277095928647,0.93079977311401,0.994,0.00962108324967386,0.024689352824033,0.931,0
"RF",0,0.990294117647059,0.520654468668378,0.12447615297928,172.698,0.436243386243386,0.00970588235294118,0.501729278470741,0.225045833744042,0.795555555555556,0.00614695876668411,0.521208665701894,0.0772750381291307,0.372549019607843,0.0431083380601248,0.854,0.356893542757417,0.0118698052499939,0.042,0
"AUC",0,0.990288770053476,0.520651765965675,0.124550725221261,172.7,0.43385518590998,0.00971122994652406,0.501470927048331,0.186400899492445,0.768686868686869,0.00542005203440945,0.521205966457142,0.0772357723577236,0.370731707317073,0.0431083380601248,0.852,0.357512953367876,0.0118751960855734,0.042,0
"ACC",0,0.97524064171123,0.617001170963777,0.0702765841779535,192.572,0.25830488030488,0.0247593582887701,0.503224904772735,0.239911399797914,0.479192084144486,0.032941896802373,0.614737259022016,0.15848782260996,0.116608718908799,0.247305728871242,0.998,0.114383333333333,0.0777105663479993,0.251833333333333,0
"TOP",0,0.990737967914438,0.515432512487824,0.119528764410293,172.694,0.460130718954248,0.0092620320855615,0.502540593173064,0.229832250285326,0.900769230769231,0.00746302384924438,0.515814538166526,0.0607375271149675,0.691358024691358,0.0317640385706183,0.892,0.671052631578947,0.00877790364488478,0.031,0
