"","ExactMatch","Accuracy","AUC","AveragePrecision","Coverage","FMeasure","HammingLoss","MacroAUC","MacroFMeasure","MacroPrecision","MacroRecall","MicroAUC","MicroFMeasure","MicroPrecision","MicroRecall","OneError","Precision","RankingLoss","Recall","SubsetAccuracy"
"SVM",0.0297029702970297,0.706270627062706,0.559323432343234,0.521397139713971,3.36633663366337,0.66078431372549,0.293729372937294,0.562274137642779,0.230921671830763,0.888863636363636,0.143266285748852,0.562180358645692,0.239316239316239,0.811594202898551,0.140350877192982,0.559405940594059,0.822033898305085,0.0716446644664466,0.134488448844884,0.0297029702970297
"NB",0.198019801980198,0.71947194719472,0.721369636963696,0.585492299229923,3.31188118811881,0.703050108932462,0.280528052805281,0.678753857048972,0.552972911467536,0.586896696739588,0.579356041708119,0.685607006446004,0.579207920792079,0.572127139364303,0.586466165413534,0.440594059405941,0.579447322970639,0.269196919691969,0.571782178217822,0.198019801980198
"RF",0.202970297029703,0.772277227722772,0.701897689768977,0.61974697469747,3.08415841584158,0.750245098039216,0.227722772277228,0.698279722334838,0.577156651987706,0.731081955637855,0.488617329084407,0.70071858613323,0.586826347305389,0.728624535315985,0.491228070175439,0.336633663366337,0.716867469879518,0.253355335533553,0.481848184818482,0.202970297029703
"AUC",0.232673267326733,0.778052805280528,0.709034653465347,0.616267876787679,3.04455445544554,0.751643192488263,0.221947194719472,0.704529588936838,0.544868083391657,0.797387871943771,0.495192431363775,0.706299882547698,0.595488721804511,0.744360902255639,0.496240601503759,0.356435643564356,0.73921568627451,0.275206270627063,0.497524752475248,0.232673267326733
"ACC",0.232673267326733,0.778052805280528,0.709034653465347,0.616267876787679,3.04455445544554,0.751643192488263,0.221947194719472,0.704529588936838,0.544868083391657,0.797387871943771,0.495192431363775,0.706299882547698,0.595488721804511,0.744360902255639,0.496240601503759,0.356435643564356,0.73921568627451,0.275206270627063,0.497524752475248,0.232673267326733
