"","ExactMatch","Accuracy","AUC","AveragePrecision","Coverage","FMeasure","HammingLoss","MacroAUC","MacroFMeasure","MacroPrecision","MacroRecall","MicroAUC","MicroFMeasure","MicroPrecision","MicroRecall","OneError","Precision","RankingLoss","Recall","SubsetAccuracy"
"SVM",0.119170984455959,0.953824094893603,0.707672489346839,0.148181406714031,31.6614853195164,0.62992275625609,0.0461759051063968,0.538512511313251,0.35932370499769,0.485015049580473,0.0918307666738605,0.69715586743912,0.525610980917308,0.754807692307692,0.403184386235234,0.341968911917098,0.760851202079272,0.175425281562176,0.424191956575376,0.119170984455959
"NB",0,0.28705966695995,0.594046827034749,0.127179362841306,31.993091537133,0.124366845959238,0.71294033304005,0.545379285732505,0.137209231298501,0.108157572013506,0.830618618046922,0.522899235803061,0.123688215973724,0.0670750249793649,0.79301489470981,0.994818652849741,0.0674049379132525,0.0848071139564161,0.822259231844724,0
"RF",0.126079447322971,0.953758920715613,0.737310775423548,0.156159522552943,31.559585492228,0.642644056623648,0.0462410792843875,0.562305506181189,0.356583623208677,0.435587842095851,0.144171877767545,0.723934767154222,0.558356676003735,0.708530805687204,0.460708782742681,0.329879101899827,0.724925462134764,0.204327742359909,0.4874393453409,0.126079447322971
"AUC",0.105354058721934,0.952748720956757,0.722527707261931,0.156282514067717,31.5094991364421,0.630249825985434,0.0472512790432431,0.557204060994724,0.351164456354574,0.464868176110492,0.133731427365282,0.713579721706646,0.541429475015813,0.704526748971193,0.43965074473549,0.386873920552677,0.727264150943396,0.184727300021677,0.4575458508101,0.105354058721934
"ACC",0,0.867077263988008,0.699215101618653,0.166066219640727,32.0656303972366,0.362064984718222,0.132922736011992,0.567593394836282,0.307638410782712,0.40165865703218,0.24709322384786,0.696810440128971,0.32388529753025,0.23910915320607,0.501797637390858,0.673575129533679,0.224766664922105,0.179254384145698,0.506628834608109,0
"TOP",0.119170984455959,0.955388275165379,0.722312272869298,0.150387127743695,31.6113989637306,0.640308528129041,0.0446117248346205,0.55817334756392,0.423064817765891,0.559503838657406,0.131494293095431,0.71307364362281,0.553344208809135,0.758497316636851,0.435541859270673,0.335060449050086,0.76402166985341,0.1841269315594,0.454003207500617,0.119170984455959
