"","ExactMatch","Accuracy","AUC","AveragePrecision","Coverage","FMeasure","HammingLoss","MacroAUC","MacroFMeasure","MacroPrecision","MacroRecall","MicroAUC","MicroFMeasure","MicroPrecision","MicroRecall","OneError","Precision","RankingLoss","Recall","SubsetAccuracy"
"SVM",0.169230769230769,0.756043956043956,0.785641025641026,0.753068376068376,4.09230769230769,0.754779083350512,0.243956043956044,0.613931151905973,0.68264681720983,0.661425203149341,0.595623299824981,0.755624830577392,0.744827586206897,0.743119266055046,0.746543778801843,0.215384615384615,0.735384615384615,0.262051282051282,0.758717948717949,0.169230769230769
"NB",0.0153846153846154,0.47032967032967,0.660384615384615,0.702009768009768,4.70769230769231,0.498061095283317,0.52967032967033,0.582461797435151,0.427017284646652,0.605276687477499,0.562411053887645,0.530699376524803,0.445977011494253,0.444954128440367,0.447004608294931,0.784615384615385,0.44906994047619,0.0871794871794872,0.424102564102564,0.0153846153846154
"RF",0.107692307692308,0.742857142857143,0.750897435897436,0.743504273504274,4.13846153846154,0.731911278685472,0.257142857142857,0.609443917656307,0.663865569552456,0.637217572729252,0.56266679832106,0.740986717267552,0.72209026128266,0.745098039215686,0.700460829493088,0.230769230769231,0.731025641025641,0.24025641025641,0.693333333333333,0.107692307692308
"AUC",0.153846153846154,0.734065934065934,0.754487179487179,0.738205128205128,4.16923076923077,0.721231590279209,0.265934065934066,0.600251507970476,0.661062086485815,0.620386702450106,0.570362806017068,0.732989970181621,0.717948717948718,0.726415094339623,0.709677419354839,0.276923076923077,0.721282051282051,0.23974358974359,0.71,0.153846153846154
"ACC",0.138461538461538,0.738461538461539,0.754102564102564,0.739935897435897,4.18461538461538,0.723574749765226,0.261538461538462,0.604776709864099,0.667014467438196,0.62531281082449,0.575653811308073,0.737394957983193,0.722610722610723,0.731132075471698,0.714285714285714,0.276923076923077,0.718461538461538,0.241282051282051,0.711794871794872,0.138461538461538
