"","ExactMatch","Accuracy","AUC","AveragePrecision","Coverage","FMeasure","HammingLoss","MacroAUC","MacroFMeasure","MacroPrecision","MacroRecall","MicroAUC","MicroFMeasure","MicroPrecision","MicroRecall","OneError","Precision","RankingLoss","Recall","SubsetAccuracy"
"SVM",0,0.954401637818723,0.5,0.310561148876888,5.72361809045226,NA,0.0455983621812768,0.5,NA,NA,0,0.5,NA,NA,0,1,NA,0,0,0
"NB",0,0.22929462125442,0.598635195006727,0.310581622661836,5.71859296482412,0.102824538363101,0.77070537874558,0.5,0.108512943874996,0.0550479671082686,0.833333333333333,0.58846309974848,0.104261302184729,0.0550479671082686,0.983673469387755,1,0.0550479671082686,0.177048230215152,0.991624790619765,0
"RF",0.954773869346734,0.998138842359948,0.990577889447236,0.404170741739227,4.73869346733668,0.987628619286911,0.00186115764005211,0.805555555555556,0.980392156862745,1,0.6875,0.979591836734694,0.979166666666667,1,0.959183673469388,0,1,0.915046974000437,0.981155778894472,0.954773869346734
"AUC",0.0050251256281407,0.958868416154848,0.519891122278057,0.314823693439326,5.68341708542714,0.591245791245791,0.0411315838451517,0.583333333333333,0.933333333333333,1,0.1875,0.548979591836735,0.178438661710037,1,0.0979591836734694,0.909547738693467,1,0.0164340682016015,0.0397822445561139,0.0050251256281407
"ACC",0.125628140703518,0.962032384142937,0.576633165829146,0.328430260657702,5.56281407035176,0.897222222222222,0.0379676158570631,0.601851851851852,0.944444444444444,1,0.229166666666667,0.583673469387755,0.286713286713287,1,0.16734693877551,0.819095477386935,1,0.136750834919941,0.153266331658291,0.125628140703518
"TOP",0.954773869346734,0.998138842359948,0.990577889447236,0.404170741739227,4.73869346733668,0.987628619286911,0.00186115764005211,0.805555555555556,0.980392156862745,1,0.6875,0.979591836734694,0.979166666666667,1,0.959183673469388,0,1,0.915046974000437,0.981155778894472,0.954773869346734
