"","ExactMatch","Accuracy","AUC","AveragePrecision","Coverage","FMeasure","HammingLoss","MacroAUC","MacroFMeasure","MacroPrecision","MacroRecall","MicroAUC","MicroFMeasure","MicroPrecision","MicroRecall","OneError","Precision","RankingLoss","Recall","SubsetAccuracy"
"SVM",0.584448160535117,0.914994425863991,0.806772575250836,0.508096432552954,2.12207357859532,0.961977186311787,0.0850055741360089,0.803307877252156,0.725758753223778,0.87251940723384,0.626041668387175,0.799085250719032,0.724480578139115,0.876502732240437,0.617397998460354,0.289297658862876,0.886415525114155,0.609322742474916,0.63252508361204,0.584448160535117
"NB",0.176421404682274,0.75613154960981,0.793833612040134,0.533904682274247,1.75250836120401,0.65599603567889,0.24386845039019,0.779425506426651,0.565841756067482,0.445859186378473,0.81933265934389,0.782452516778721,0.55012853470437,0.412967966036279,0.823710546574288,0.581939799331104,0.482471776589424,0.580392976588629,0.830685618729097,0.176421404682274
"RF",0.531772575250836,0.909559643255295,0.779034280936455,0.503867056856187,2.17976588628763,0.964838255977497,0.0904403567447046,0.775693096528081,0.682314382093647,0.898088666029182,0.56340216621317,0.771180839228825,0.689325035902346,0.911392405063291,0.554272517321016,0.313545150501672,0.918954248366013,0.551045150501672,0.569816053511706,0.531772575250836
"AUC",0.584448160535117,0.915551839464883,0.808110367892977,0.50564381270903,2.13210702341137,0.960858585858586,0.0844481605351171,0.804647742744781,0.727825864140381,0.873675563389996,0.628554231201245,0.80032506255057,0.726534296028881,0.877862595419847,0.619707467282525,0.289297658862876,0.889142857142857,0.611329431438127,0.635033444816054,0.584448160535117
"ACC",0.584448160535117,0.914994425863991,0.806772575250836,0.508096432552954,2.12207357859532,0.961977186311787,0.0850055741360089,0.803307877252156,0.725758753223778,0.87251940723384,0.626041668387175,0.799085250719032,0.724480578139115,0.876502732240437,0.617397998460354,0.289297658862876,0.886415525114155,0.609322742474916,0.63252508361204,0.584448160535117
