"","ExactMatch","Accuracy","AUC","AveragePrecision","Coverage","FMeasure","HammingLoss","MacroAUC","MacroFMeasure","MacroPrecision","MacroRecall","MicroAUC","MicroFMeasure","MicroPrecision","MicroRecall","OneError","Precision","RankingLoss","Recall","SubsetAccuracy"
"SVM",0.459799350007065,0.960422366950557,0.884805484438904,0.289682960636349,11.8236540907164,0.824503136645887,0.0395776330494431,0.790609649407697,0.688919653993565,0.925949185642871,0.608852186539879,0.86522724856926,0.790507921397974,0.840393234061009,0.746213093709884,0.120389995760916,0.844995238095238,0.459866184924563,0.785019995469338,0.459799350007065
"NB",0,0.290627769856256,0.602832440846848,0.283010787578183,11.2965946022326,0.216098415992138,0.709372230143744,0.603587170938601,0.195775820853503,0.130272905099444,0.977855666756418,0.58262752090939,0.210966243972138,0.118694481289441,0.947689345314506,0.959022184541472,0.124220169687007,0.111863355502235,0.952987657311523,0
"RF",0.943196269605765,0.996416046861151,0.984999272237397,0.304788971861806,11.3850501624982,0.984832170332598,0.00358395313884928,0.977908210873534,0.976964993200509,0.998831177738311,0.95639078402451,0.983404525744423,0.981820551247801,0.996956464205373,0.967137355584082,0.0104564080825208,0.99576813655761,0.554170972754978,0.970317774323709,0.943196269605765
"AUC",0.886816447647308,0.993712024869295,0.973991350839536,0.302632190006979,11.4989402289106,0.9730923734373,0.0062879751307051,0.97408361335549,0.972348403234155,0.996982781230597,0.949476855381091,0.972118478785741,0.96782674422426,0.991649269311065,0.945121951219512,0.0284018651971174,0.990513040985956,0.541437866081104,0.948839242258064,0.886816447647308
"ACC",0.187508831425745,0.941153801687926,0.893141623786447,0.257911340709589,11.7012858555885,0.743602918277089,0.0588461983120737,0.808565974875803,0.706269480611409,0.898616465257091,0.66084987591993,0.877027040039265,0.730465991998117,0.674288507495112,0.796854942233633,0.315953087466441,0.660513287467962,0.466307745358409,0.828833792006747,0.187508831425745
